date,year,month,month_name,quarter,day,day_name
2025-04-17,2025,4,April,Q2,17,Thursday
2025-04-18,2025,4,April,Q2,18,Friday
2025-04-19,2025,4,April,Q2,19,Saturday
2025-04-20,2025,4,April,Q2,20,Sunday
2025-04-21,2025,4,April,Q2,21,Monday
2025-04-22,2025,4,April,Q2,22,Tuesday
2025-04-23,2025,4,April,Q2,23,Wednesday
2025-04-24,2025,4,April,Q2,24,Thursday
2025-04-25,2025,4,April,Q2,25,Friday
2025-04-26,2025,4,April,Q2,26,Saturday
2025-04-27,2025,4,April,Q2,27,Sunday
2025-04-28,2025,4,April,Q2,28,Monday
2025-04-29,2025,4,April,Q2,29,Tuesday
2025-04-30,2025,4,April,Q2,30,Wednesday
2025-05-01,2025,5,May,Q2,1,Thursday
2025-05-02,2025,5,May,Q2,2,Friday
2025-05-03,2025,5,May,Q2,3,Saturday
2025-05-04,2025,5,May,Q2,4,Sunday
2025-05-05,2025,5,May,Q2,5,Monday
2025-05-06,2025,5,May,Q2,6,Tuesday
2025-05-07,2025,5,May,Q2,7,Wednesday
2025-05-08,2025,5,May,Q2,8,Thursday
2025-05-09,2025,5,May,Q2,9,Friday
2025-05-10,2025,5,May,Q2,10,Saturday
2025-05-11,2025,5,May,Q2,11,Sunday
2025-05-12,2025,5,May,Q2,12,Monday
2025-05-13,2025,5,May,Q2,13,Tuesday
2025-05-14,2025,5,May,Q2,14,Wednesday
2025-05-15,2025,5,May,Q2,15,Thursday
2025-05-16,2025,5,May,Q2,16,Friday
2025-05-17,2025,5,May,Q2,17,Saturday
2025-05-18,2025,5,May,Q2,18,Sunday
2025-05-19,2025,5,May,Q2,19,Monday
2025-05-20,2025,5,May,Q2,20,Tuesday
2025-05-21,2025,5,May,Q2,21,Wednesday
2025-05-22,2025,5,May,Q2,22,Thursday
2025-05-23,2025,5,May,Q2,23,Friday
2025-05-24,2025,5,May,Q2,24,Saturday
2025-05-25,2025,5,May,Q2,25,Sunday
2025-05-26,2025,5,May,Q2,26,Monday
2025-05-27,2025,5,May,Q2,27,Tuesday
2025-05-28,2025,5,May,Q2,28,Wednesday
2025-05-29,2025,5,May,Q2,29,Thursday
2025-05-30,2025,5,May,Q2,30,Friday
2025-05-31,2025,5,May,Q2,31,Saturday
2025-06-01,2025,6,June,Q2,1,Sunday
2025-06-02,2025,6,June,Q2,2,Monday
2025-06-03,2025,6,June,Q2,3,Tuesday
2025-06-04,2025,6,June,Q2,4,Wednesday
2025-06-05,2025,6,June,Q2,5,Thursday
2025-06-06,2025,6,June,Q2,6,Friday
2025-06-07,2025,6,June,Q2,7,Saturday
2025-06-08,2025,6,June,Q2,8,Sunday
2025-06-09,2025,6,June,Q2,9,Monday
2025-06-10,2025,6,June,Q2,10,Tuesday
2025-06-11,2025,6,June,Q2,11,Wednesday
2025-06-12,2025,6,June,Q2,12,Thursday
2025-06-13,2025,6,June,Q2,13,Friday
2025-06-14,2025,6,June,Q2,14,Saturday
2025-06-15,2025,6,June,Q2,15,Sunday
2025-06-16,2025,6,June,Q2,16,Monday
2025-06-17,2025,6,June,Q2,17,Tuesday
2025-06-18,2025,6,June,Q2,18,Wednesday
2025-06-19,2025,6,June,Q2,19,Thursday
2025-06-20,2025,6,June,Q2,20,Friday
2025-06-21,2025,6,June,Q2,21,Saturday
2025-06-22,2025,6,June,Q2,22,Sunday
2025-06-23,2025,6,June,Q2,23,Monday
2025-06-24,2025,6,June,Q2,24,Tuesday
2025-06-25,2025,6,June,Q2,25,Wednesday
2025-06-26,2025,6,June,Q2,26,Thursday
2025-06-27,2025,6,June,Q2,27,Friday
2025-06-28,2025,6,June,Q2,28,Saturday
2025-06-29,2025,6,June,Q2,29,Sunday
2025-06-30,2025,6,June,Q2,30,Monday
2025-07-01,2025,7,July,Q3,1,Tuesday
2025-07-02,2025,7,July,Q3,2,Wednesday
2025-07-03,2025,7,July,Q3,3,Thursday
2025-07-04,2025,7,July,Q3,4,Friday
2025-07-05,2025,7,July,Q3,5,Saturday
2025-07-06,2025,7,July,Q3,6,Sunday
2025-07-07,2025,7,July,Q3,7,Monday
2025-07-08,2025,7,July,Q3,8,Tuesday
2025-07-09,2025,7,July,Q3,9,Wednesday
2025-07-10,2025,7,July,Q3,10,Thursday
2025-07-11,2025,7,July,Q3,11,Friday
2025-07-12,2025,7,July,Q3,12,Saturday
2025-07-13,2025,7,July,Q3,13,Sunday
2025-07-14,2025,7,July,Q3,14,Monday
2025-07-15,2025,7,July,Q3,15,Tuesday
2025-07-16,2025,7,July,Q3,16,Wednesday
2025-07-17,2025,7,July,Q3,17,Thursday
2025-07-18,2025,7,July,Q3,18,Friday
2025-07-19,2025,7,July,Q3,19,Saturday
2025-07-20,2025,7,July,Q3,20,Sunday
2025-07-21,2025,7,July,Q3,21,Monday
2025-07-22,2025,7,July,Q3,22,Tuesday
2025-07-23,2025,7,July,Q3,23,Wednesday
2025-07-24,2025,7,July,Q3,24,Thursday
2025-07-25,2025,7,July,Q3,25,Friday
2025-07-26,2025,7,July,Q3,26,Saturday
2025-07-27,2025,7,July,Q3,27,Sunday
2025-07-28,2025,7,July,Q3,28,Monday
2025-07-29,2025,7,July,Q3,29,Tuesday
2025-07-30,2025,7,July,Q3,30,Wednesday
2025-07-31,2025,7,July,Q3,31,Thursday
2025-08-01,2025,8,August,Q3,1,Friday
2025-08-02,2025,8,August,Q3,2,Saturday
2025-08-03,2025,8,August,Q3,3,Sunday
2025-08-04,2025,8,August,Q3,4,Monday
2025-08-05,2025,8,August,Q3,5,Tuesday
2025-08-06,2025,8,August,Q3,6,Wednesday
2025-08-07,2025,8,August,Q3,7,Thursday
2025-08-08,2025,8,August,Q3,8,Friday
2025-08-09,2025,8,August,Q3,9,Saturday
2025-08-10,2025,8,August,Q3,10,Sunday
2025-08-11,2025,8,August,Q3,11,Monday
2025-08-12,2025,8,August,Q3,12,Tuesday
2025-08-13,2025,8,August,Q3,13,Wednesday
2025-08-14,2025,8,August,Q3,14,Thursday
2025-08-15,2025,8,August,Q3,15,Friday
2025-08-16,2025,8,August,Q3,16,Saturday
2025-08-17,2025,8,August,Q3,17,Sunday
2025-08-18,2025,8,August,Q3,18,Monday
2025-08-19,2025,8,August,Q3,19,Tuesday
2025-08-20,2025,8,August,Q3,20,Wednesday
2025-08-21,2025,8,August,Q3,21,Thursday
2025-08-22,2025,8,August,Q3,22,Friday
2025-08-23,2025,8,August,Q3,23,Saturday
2025-08-24,2025,8,August,Q3,24,Sunday
2025-08-25,2025,8,August,Q3,25,Monday
2025-08-26,2025,8,August,Q3,26,Tuesday
2025-08-27,2025,8,August,Q3,27,Wednesday
2025-08-28,2025,8,August,Q3,28,Thursday
2025-08-29,2025,8,August,Q3,29,Friday
2025-08-30,2025,8,August,Q3,30,Saturday
2025-08-31,2025,8,August,Q3,31,Sunday
2025-09-01,2025,9,September,Q3,1,Monday
2025-09-02,2025,9,September,Q3,2,Tuesday
2025-09-03,2025,9,September,Q3,3,Wednesday
2025-09-04,2025,9,September,Q3,4,Thursday
2025-09-05,2025,9,September,Q3,5,Friday
2025-09-06,2025,9,September,Q3,6,Saturday
2025-09-07,2025,9,September,Q3,7,Sunday
2025-09-08,2025,9,September,Q3,8,Monday
2025-09-09,2025,9,September,Q3,9,Tuesday
2025-09-10,2025,9,September,Q3,10,Wednesday
2025-09-11,2025,9,September,Q3,11,Thursday
2025-09-12,2025,9,September,Q3,12,Friday
2025-09-13,2025,9,September,Q3,13,Saturday
2025-09-14,2025,9,September,Q3,14,Sunday
2025-09-15,2025,9,September,Q3,15,Monday
2025-09-16,2025,9,September,Q3,16,Tuesday
2025-09-17,2025,9,September,Q3,17,Wednesday
2025-09-18,2025,9,September,Q3,18,Thursday
2025-09-19,2025,9,September,Q3,19,Friday
2025-09-20,2025,9,September,Q3,20,Saturday
2025-09-21,2025,9,September,Q3,21,Sunday
2025-09-22,2025,9,September,Q3,22,Monday
2025-09-23,2025,9,September,Q3,23,Tuesday
2025-09-24,2025,9,September,Q3,24,Wednesday
2025-09-25,2025,9,September,Q3,25,Thursday
2025-09-26,2025,9,September,Q3,26,Friday
2025-09-27,2025,9,September,Q3,27,Saturday
2025-09-28,2025,9,September,Q3,28,Sunday
2025-09-29,2025,9,September,Q3,29,Monday
2025-09-30,2025,9,September,Q3,30,Tuesday
2025-10-01,2025,10,October,Q4,1,Wednesday
2025-10-02,2025,10,October,Q4,2,Thursday
2025-10-03,2025,10,October,Q4,3,Friday
2025-10-04,2025,10,October,Q4,4,Saturday
2025-10-05,2025,10,October,Q4,5,Sunday
2025-10-06,2025,10,October,Q4,6,Monday
2025-10-07,2025,10,October,Q4,7,Tuesday
2025-10-08,2025,10,October,Q4,8,Wednesday
2025-10-09,2025,10,October,Q4,9,Thursday
2025-10-10,2025,10,October,Q4,10,Friday
2025-10-11,2025,10,October,Q4,11,Saturday
2025-10-12,2025,10,October,Q4,12,Sunday
2025-10-13,2025,10,October,Q4,13,Monday
2025-10-14,2025,10,October,Q4,14,Tuesday
2025-10-15,2025,10,October,Q4,15,Wednesday
2025-10-16,2025,10,October,Q4,16,Thursday
2025-10-17,2025,10,October,Q4,17,Friday
2025-10-18,2025,10,October,Q4,18,Saturday
2025-10-19,2025,10,October,Q4,19,Sunday
2025-10-20,2025,10,October,Q4,20,Monday
2025-10-21,2025,10,October,Q4,21,Tuesday
2025-10-22,2025,10,October,Q4,22,Wednesday
2025-10-23,2025,10,October,Q4,23,Thursday
2025-10-24,2025,10,October,Q4,24,Friday
2025-10-25,2025,10,October,Q4,25,Saturday
2025-10-26,2025,10,October,Q4,26,Sunday
2025-10-27,2025,10,October,Q4,27,Monday
2025-10-28,2025,10,October,Q4,28,Tuesday
2025-10-29,2025,10,October,Q4,29,Wednesday
2025-10-30,2025,10,October,Q4,30,Thursday
2025-10-31,2025,10,October,Q4,31,Friday
2025-11-01,2025,11,November,Q4,1,Saturday
2025-11-02,2025,11,November,Q4,2,Sunday
2025-11-03,2025,11,November,Q4,3,Monday
2025-11-04,2025,11,November,Q4,4,Tuesday
2025-11-05,2025,11,November,Q4,5,Wednesday
2025-11-06,2025,11,November,Q4,6,Thursday
2025-11-07,2025,11,November,Q4,7,Friday
2025-11-08,2025,11,November,Q4,8,Saturday
2025-11-09,2025,11,November,Q4,9,Sunday
2025-11-10,2025,11,November,Q4,10,Monday
2025-11-11,2025,11,November,Q4,11,Tuesday
2025-11-12,2025,11,November,Q4,12,Wednesday
2025-11-13,2025,11,November,Q4,13,Thursday
2025-11-14,2025,11,November,Q4,14,Friday
2025-11-15,2025,11,November,Q4,15,Saturday
2025-11-16,2025,11,November,Q4,16,Sunday
2025-11-17,2025,11,November,Q4,17,Monday
2025-11-18,2025,11,November,Q4,18,Tuesday
2025-11-19,2025,11,November,Q4,19,Wednesday
2025-11-20,2025,11,November,Q4,20,Thursday
2025-11-21,2025,11,November,Q4,21,Friday
2025-11-22,2025,11,November,Q4,22,Saturday
2025-11-23,2025,11,November,Q4,23,Sunday
2025-11-24,2025,11,November,Q4,24,Monday
2025-11-25,2025,11,November,Q4,25,Tuesday
2025-11-26,2025,11,November,Q4,26,Wednesday
2025-11-27,2025,11,November,Q4,27,Thursday
2025-11-28,2025,11,November,Q4,28,Friday
2025-11-29,2025,11,November,Q4,29,Saturday
2025-11-30,2025,11,November,Q4,30,Sunday
2025-12-01,2025,12,December,Q4,1,Monday
2025-12-02,2025,12,December,Q4,2,Tuesday
2025-12-03,2025,12,December,Q4,3,Wednesday
2025-12-04,2025,12,December,Q4,4,Thursday
2025-12-05,2025,12,December,Q4,5,Friday
2025-12-06,2025,12,December,Q4,6,Saturday
2025-12-07,2025,12,December,Q4,7,Sunday
2025-12-08,2025,12,December,Q4,8,Monday
2025-12-09,2025,12,December,Q4,9,Tuesday
2025-12-10,2025,12,December,Q4,10,Wednesday
2025-12-11,2025,12,December,Q4,11,Thursday
2025-12-12,2025,12,December,Q4,12,Friday
2025-12-13,2025,12,December,Q4,13,Saturday
2025-12-14,2025,12,December,Q4,14,Sunday
2025-12-15,2025,12,December,Q4,15,Monday
2025-12-16,2025,12,December,Q4,16,Tuesday
2025-12-17,2025,12,December,Q4,17,Wednesday
2025-12-18,2025,12,December,Q4,18,Thursday
2025-12-19,2025,12,December,Q4,19,Friday
2025-12-20,2025,12,December,Q4,20,Saturday
2025-12-21,2025,12,December,Q4,21,Sunday
2025-12-22,2025,12,December,Q4,22,Monday
2025-12-23,2025,12,December,Q4,23,Tuesday
2025-12-24,2025,12,December,Q4,24,Wednesday
2025-12-25,2025,12,December,Q4,25,Thursday
2025-12-26,2025,12,December,Q4,26,Friday
2025-12-27,2025,12,December,Q4,27,Saturday
2025-12-28,2025,12,December,Q4,28,Sunday
2025-12-29,2025,12,December,Q4,29,Monday
2025-12-30,2025,12,December,Q4,30,Tuesday
2025-12-31,2025,12,December,Q4,31,Wednesday
2026-01-01,2026,1,January,Q1,1,Thursday
2026-01-02,2026,1,January,Q1,2,Friday
2026-01-03,2026,1,January,Q1,3,Saturday
2026-01-04,2026,1,January,Q1,4,Sunday
2026-01-05,2026,1,January,Q1,5,Monday
2026-01-06,2026,1,January,Q1,6,Tuesday
2026-01-07,2026,1,January,Q1,7,Wednesday
2026-01-08,2026,1,January,Q1,8,Thursday
2026-01-09,2026,1,January,Q1,9,Friday
2026-01-10,2026,1,January,Q1,10,Saturday
2026-01-11,2026,1,January,Q1,11,Sunday
2026-01-12,2026,1,January,Q1,12,Monday
2026-01-13,2026,1,January,Q1,13,Tuesday
2026-01-14,2026,1,January,Q1,14,Wednesday
2026-01-15,2026,1,January,Q1,15,Thursday
2026-01-16,2026,1,January,Q1,16,Friday
2026-01-17,2026,1,January,Q1,17,Saturday
2026-01-18,2026,1,January,Q1,18,Sunday
2026-01-19,2026,1,January,Q1,19,Monday
2026-01-20,2026,1,January,Q1,20,Tuesday
2026-01-21,2026,1,January,Q1,21,Wednesday
2026-01-22,2026,1,January,Q1,22,Thursday
2026-01-23,2026,1,January,Q1,23,Friday
2026-01-24,2026,1,January,Q1,24,Saturday
2026-01-25,2026,1,January,Q1,25,Sunday
2026-01-26,2026,1,January,Q1,26,Monday
2026-01-27,2026,1,January,Q1,27,Tuesday
2026-01-28,2026,1,January,Q1,28,Wednesday
2026-01-29,2026,1,January,Q1,29,Thursday
2026-01-30,2026,1,January,Q1,30,Friday
2026-01-31,2026,1,January,Q1,31,Saturday
2026-02-01,2026,2,February,Q1,1,Sunday
2026-02-02,2026,2,February,Q1,2,Monday
2026-02-03,2026,2,February,Q1,3,Tuesday
2026-02-04,2026,2,February,Q1,4,Wednesday
2026-02-05,2026,2,February,Q1,5,Thursday
2026-02-06,2026,2,February,Q1,6,Friday
2026-02-07,2026,2,February,Q1,7,Saturday
2026-02-08,2026,2,February,Q1,8,Sunday
2026-02-09,2026,2,February,Q1,9,Monday
2026-02-10,2026,2,February,Q1,10,Tuesday
2026-02-11,2026,2,February,Q1,11,Wednesday
2026-02-12,2026,2,February,Q1,12,Thursday
2026-02-13,2026,2,February,Q1,13,Friday
2026-02-14,2026,2,February,Q1,14,Saturday
2026-02-15,2026,2,February,Q1,15,Sunday
2026-02-16,2026,2,February,Q1,16,Monday
2026-02-17,2026,2,February,Q1,17,Tuesday
2026-02-18,2026,2,February,Q1,18,Wednesday
2026-02-19,2026,2,February,Q1,19,Thursday
2026-02-20,2026,2,February,Q1,20,Friday
2026-02-21,2026,2,February,Q1,21,Saturday
2026-02-22,2026,2,February,Q1,22,Sunday
2026-02-23,2026,2,February,Q1,23,Monday
2026-02-24,2026,2,February,Q1,24,Tuesday
2026-02-25,2026,2,February,Q1,25,Wednesday
2026-02-26,2026,2,February,Q1,26,Thursday
2026-02-27,2026,2,February,Q1,27,Friday
2026-02-28,2026,2,February,Q1,28,Saturday
2026-03-01,2026,3,March,Q1,1,Sunday
2026-03-02,2026,3,March,Q1,2,Monday
2026-03-03,2026,3,March,Q1,3,Tuesday
2026-03-04,2026,3,March,Q1,4,Wednesday
2026-03-05,2026,3,March,Q1,5,Thursday
2026-03-06,2026,3,March,Q1,6,Friday
2026-03-07,2026,3,March,Q1,7,Saturday
2026-03-08,2026,3,March,Q1,8,Sunday
2026-03-09,2026,3,March,Q1,9,Monday
2026-03-10,2026,3,March,Q1,10,Tuesday
2026-03-11,2026,3,March,Q1,11,Wednesday
2026-03-12,2026,3,March,Q1,12,Thursday
2026-03-13,2026,3,March,Q1,13,Friday
2026-03-14,2026,3,March,Q1,14,Saturday
2026-03-15,2026,3,March,Q1,15,Sunday
2026-03-16,2026,3,March,Q1,16,Monday
2026-03-17,2026,3,March,Q1,17,Tuesday
2026-03-18,2026,3,March,Q1,18,Wednesday
2026-03-19,2026,3,March,Q1,19,Thursday
2026-03-20,2026,3,March,Q1,20,Friday
2026-03-21,2026,3,March,Q1,21,Saturday
2026-03-22,2026,3,March,Q1,22,Sunday
2026-03-23,2026,3,March,Q1,23,Monday
2026-03-24,2026,3,March,Q1,24,Tuesday
2026-03-25,2026,3,March,Q1,25,Wednesday
2026-03-26,2026,3,March,Q1,26,Thursday
2026-03-27,2026,3,March,Q1,27,Friday
2026-03-28,2026,3,March,Q1,28,Saturday
2026-03-29,2026,3,March,Q1,29,Sunday
2026-03-30,2026,3,March,Q1,30,Monday
2026-03-31,2026,3,March,Q1,31,Tuesday
2026-04-01,2026,4,April,Q2,1,Wednesday
2026-04-02,2026,4,April,Q2,2,Thursday
2026-04-03,2026,4,April,Q2,3,Friday
2026-04-04,2026,4,April,Q2,4,Saturday
2026-04-05,2026,4,April,Q2,5,Sunday
2026-04-06,2026,4,April,Q2,6,Monday
2026-04-07,2026,4,April,Q2,7,Tuesday
2026-04-08,2026,4,April,Q2,8,Wednesday
2026-04-09,2026,4,April,Q2,9,Thursday
2026-04-10,2026,4,April,Q2,10,Friday
2026-04-11,2026,4,April,Q2,11,Saturday
2026-04-12,2026,4,April,Q2,12,Sunday
2026-04-13,2026,4,April,Q2,13,Monday
2026-04-14,2026,4,April,Q2,14,Tuesday
2026-04-15,2026,4,April,Q2,15,Wednesday
2026-04-16,2026,4,April,Q2,16,Thursday
2026-04-17,2026,4,April,Q2,17,Friday
2026-04-18,2026,4,April,Q2,18,Saturday
2026-04-19,2026,4,April,Q2,19,Sunday
2026-04-20,2026,4,April,Q2,20,Monday
